state,lga,facilityname,datimcode
BENUE,ADO,Igumale General Hospital,RWy8gQx6BBr
BENUE,APA,Ugbokpo General Hospital,fhd28Wdp5gV
BENUE,BURUKU,Adi Comprehensive Health Centre,DbxytJIMUtE
BENUE,BURUKU,Agwabi Primary Health Center,nnocuY5Y1ve
BENUE,BURUKU,Anonghul Primary Health Center,GVwSWUCUWPn
BENUE,BURUKU,Anvambe Primary Health Center,nMO8qFMjftW
BENUE,BURUKU,Anzembe Clinic,x0lTOYyB0Xq
BENUE,BURUKU,General Hospital Buruku,hWsBYXZwHiP
BENUE,BURUKU,Jingir Primary Health Center,R76nShpbpxl
BENUE,BURUKU,Kur Primary Health Center,bIMhLHumVOb
BENUE,BURUKU,Mbagen Community Hospital-Abwa,JVUE6hcwdYf
BENUE,BURUKU,Nongu u Kristu ke Sudan hen Tiv (NKST) Comprehensi,Rf1yYN2IDWc
BENUE,BURUKU,Nongu u Kristu ke Sudan hen Tiv (NKST) Primary Hea,dOnbIETcQXX
BENUE,BURUKU,Sahara Clinic,YqtrJF9sW3U
BENUE,BURUKU,St. Martha's Clinic and Maternity-Ugbema,ylQ6RLXvHHJ
BENUE,BURUKU,Township Clinic,FUKJdEDgVT8
BENUE,BURUKU,Tyowanye Primary Health Centre,kPGQXJlsGON
BENUE,BURUKU,Uga Primary Health Center,bkw7eER1sQg
BENUE,GBOKO,Akpagher Primary Health Center,hd4uvUNJmVb
BENUE,GBOKO,Atume Clinic and Maternity,WMifDMychYH
BENUE,GBOKO,Baki Clinic,I2YSBeACOiz
BENUE,GBOKO,Gboko East Comprehensive Health Center,NKBX6MV18q7
BENUE,GBOKO,Gboko General Hospital,mM8cuGsrg9b
BENUE,GBOKO,Gboko KP One Stop Shop,oY149KIEnUH
BENUE,GBOKO,Helen Clinic and Maternity,W4Td0Rr6gkF
BENUE,GBOKO,Kator Clinic,tYcGecpDRkl
BENUE,GBOKO,Lord Is Saviour Clinic and Maternity,iMjkGLzXZVu
BENUE,GBOKO,Mercy Hospital,UKpHt1NMIzG
BENUE,GBOKO,Myom Hospital-Gboko,KCeTZcNxHny
BENUE,GBOKO,Nongu u Kristu ke Sudan hen Tiv (NKST) Hospital-Mkar,LQY80730nX8
BENUE,GBOKO,Royal Hospital,yMpFDy64jKb
BENUE,GBOKO,Sev-Av Foundation-Gboko,ucA8oXS8NE4
BENUE,GBOKO,St. Luke's Hospital,isxf76zcl0z
BENUE,GBOKO,St. Veronica Health Center,wmDk1IHm8kU
BENUE,GBOKO,Three Brothers Transport Hospital-Gboko,EyvD2SO18Ls
BENUE,GBOKO,Victory Hospital-Gboko,zR7wi1nIM3l
BENUE,GUMA,Abinisi Primary Health Center,aDbNi9qbrTa
BENUE,GUMA,Nongu u Kristu ke Sudan hen Tiv (NKST) Comprehensive Health Center-Isherev,t5kQRj3Oqrp
BENUE,GUMA,St. Michael's Clinic-Agasha,UD9kpV91uHO
BENUE,GUMA,Tugudu Primary Health Center,YlxyMD0zmCn
BENUE,GWER,Aliade General Hospital,OPnJnEYeq1I
BENUE,GWER,Gwer East KP One Stop Shop,GG2GB39VPU2
BENUE,GWER,St. Gregory Health Center,ooVgKxaybti
BENUE,GWER,St. Vincents Hospital,IZyzmuDFVIJ
BENUE,GWER WEST,Aba Health Centre,AXPIJPRXo5s
BENUE,GWER WEST,Abiam Family Support Program Clinic,ZRSpxqpZDVS
BENUE,GWER WEST,Aondana Health Clinic,YLapZuUgSyj
BENUE,GWER WEST,European Economic Community Health Clinic,ugwMUWu3le4
BENUE,GWER WEST,Fr. Mathias Clinic,KWB8RTTIeya
BENUE,GWER WEST,General Hospital Naka,A6vVFRBdTaM
BENUE,GWER WEST,JIMBA PRIMARY HEALTH CENTRE,nn4VvQS8SqP
BENUE,GWER WEST,Jor Maternal and Child Health Clinic,SSj1HfTYnTs
BENUE,GWER WEST,Kwashon Primary Health Centre,oN3LGtxIZlk
BENUE,GWER WEST,Mbaakeem Health Center,Guf2jRM5SyK
BENUE,GWER WEST,Mbaier Health Centre,EJQh7G0WPzD
BENUE,GWER WEST,mbalosu primary health center,CtqZO3PKNim
BENUE,GWER WEST,Mbashija Primary Health Centre,LVwYC7JU75B
BENUE,GWER WEST,Nakar Gwer West Comprehensive Health Center,Nfc7dRyjli0
BENUE,GWER WEST,Onmba Aondo Comprehensive Health Center,Ct8Iraz4Wwz
BENUE,GWER WEST,St. Francis Primary Health Center-Agagbe,mfPtKtcH3hA
BENUE,GWER WEST,Tongov Primary Health Center,eeMmUo80f1k
BENUE,KATSINA-ALA,Abakor Primary Health Care,ZBXG7XEJ03X
BENUE,KATSINA-ALA,Adikpo Katsina-Ala Primary Health Centre,VJPhKVM98uw
BENUE,KATSINA-ALA,Amafor Primary Health Center,ShOkkjO7q4d
BENUE,KATSINA-ALA,Convenant Clinic,fj8v2Srxtyx
BENUE,KATSINA-ALA,Dooter Clinic,SAvDO8AVdFH
BENUE,KATSINA-ALA,Gbise Primary Health Centre,iltm59K9ug3
BENUE,KATSINA-ALA,Gbor Comprehensive Health Center,UWfo9Vcmg6t
BENUE,KATSINA-ALA,General Hospital Katsina Ala,qoDgsyKHeoI
BENUE,KATSINA-ALA,Igbabaka Primary Health Centre,Jpn6N6zqMLg
BENUE,KATSINA-ALA,Ikpaukur Local Government Health Center,rQOXT4Cy2Pj
BENUE,KATSINA-ALA,Mba Agberabu Primary Health Centre,f9pNjCTIkeV
BENUE,KATSINA-ALA,Mbasar Primary Health Centre,dXAyAAaM53N
BENUE,KATSINA-ALA,Mbaton Primary Health Center,m71YCQ1vobL
BENUE,KATSINA-ALA,Mbatyula Local Goverment Health Centre,j1d80tpRRRb
BENUE,KATSINA-ALA,Nagu Primary Health Centre,Bx2hbPaU0O1
BENUE,KATSINA-ALA,Nahuta Hospital,yRpzCa8G6SZ
BENUE,KATSINA-ALA,Ndele Primary Health Center,SBpTQMTj2D6
BENUE,KATSINA-ALA,Nguher Clinic,voNNZ57SXoP
BENUE,KATSINA-ALA,Nongu u Kristu ke Sudan hen Tiv (NKST) Hospital-Sai,x9AGFcyHbas
BENUE,KATSINA-ALA,Nongu u Kristu ke Sudan hen Tiv (NKST) Primary Health Center-Anber,fqQMHzXeExZ
BENUE,KATSINA-ALA,Nongu u Kristu ke Sudan hen Tiv (NKST) Primary Health Center-Kasar,bD3Z7sBYAkk
BENUE,KATSINA-ALA,Numbeve Primary Health Centre,iBE2tO1KDku
BENUE,KATSINA-ALA,Nyitar Local Government Health Center,U929QXtAK0i
BENUE,KATSINA-ALA,Salem Clinic-Gbor,W0z2Y4xAH3N
BENUE,KATSINA-ALA,Seafa Clinic and Maternity,Xoj1RSPZgNb
BENUE,KATSINA-ALA,St. Mary's Primary Health Center-Tor Donga,ph0DmxOzLrH
BENUE,KATSINA-ALA,Tarvachan Comprehensive Health Center,jGti2H2XezH
BENUE,KATSINA-ALA,Tordonga Primary Health Center,W5NNtTAwz9t
BENUE,KATSINA-ALA,World Health System Sai,GCOrXvJq3Aq
BENUE,KONSHISHA,Agbeede Primary Health Center,OK3KBevBxuF
BENUE,KONSHISHA,Agidi Primary Health Centre,Vwphz4aVBkw
BENUE,KONSHISHA,Akputu Primary Health Center,xf0d6Ievr0Y
BENUE,KONSHISHA,Bonta Family Support Program Clinic,A0oG89zfO3P
BENUE,KONSHISHA,Dio Primary Health Center,RaK8oHAcaJx
BENUE,KONSHISHA,El Shaddai Clinic-Achocho,rkmUcjVWIEG
BENUE,KONSHISHA,Hope Hospital-Gungul,Kx8nR3Z0zoJ
BENUE,KONSHISHA,Igbughul Primary Health Center,oR3iWfmLDLd
BENUE,KONSHISHA,Ikumbur Memorial Clinic,ugvUhWcPhsa
BENUE,KONSHISHA,Jirgba Primary Health Center,ADRcchaSF89
BENUE,KONSHISHA,Korinya Primary Health Center,zOFJx0iZI6j
BENUE,KONSHISHA,Leke Clinic and Maternity,YMwV767vaxO
BENUE,KONSHISHA,Luter Health Clinic,fZtEYsSUToC
BENUE,KONSHISHA,Mhen Clinic and Maternity Jov-Mbavaa,Hb4aAEXMUMh
BENUE,KONSHISHA,Mimi Clinic and Maternity,t8yzGeF3QOZ
BENUE,KONSHISHA,Mimidoo Clinic and Maternity-Gungul,uE7DozqVDx3
BENUE,KONSHISHA,Nongu u Kristu ke Sudan hen Tiv (NKST) Clinic-Is,tmdPeVe2bj9
BENUE,KONSHISHA,Nyam Ugbeh Clinic,DbQwJh2aSqj
BENUE,KONSHISHA,Royal Clinic and Maternity Wuese,lT0dFPuROo5
BENUE,KONSHISHA,St. Joseph Maternity Clinic-Korinya,KLG4R1DqCDW
BENUE,KONSHISHA,Tse Agberagba General Hospital,lme06fE8INv
BENUE,KONSHISHA,Tse-Agbaragba Primary Health Center,VBS2KAxTWl8
BENUE,KONSHISHA,Tyoate Comprehensive Health Center,ES15z3zgFpM
BENUE,KONSHISHA,Uboagere Comprehensive Health Center,jUhaJSvsg2f
BENUE,KONSHISHA,Usaka Health Clinic Tsuwe,lS9OJNmawzr
BENUE,KWANDE,36 Matyrs Clinic- Mbape,T8MofW5CkkU
BENUE,KWANDE,Adikpo General Hospital,mvMjGraGxvu
BENUE,KWANDE,Avaa Gbande Memorial Clinic and Maternity,kDvVOaWbp0s
BENUE,KWANDE,Gabriel Suswam Cottage Hospital-Tse Ugbena,G9RIOzlKB5n
BENUE,KWANDE,Holy Child Clinic and Maternity,ecDDJ8UV2tN
BENUE,KWANDE,Icheen Clinic and Maternity,Ma9SyRevcp3
BENUE,KWANDE,Manyam Primary Health Center,lgXwl4gfzgN
BENUE,KWANDE,Nongu u Kristu ke Sudan hen Tiv (NKST) Hospital-Jato Aka,NrQyKoUUTjl
BENUE,KWANDE,Nongu u Kristu ke Sudan hen Tiv (NKST) Primary Health Center-Ahobee,vhponVEgOwi
BENUE,KWANDE,St. Monica's Hospital-Adikpo,ZOw5RCxEDrh
BENUE,LOGO,Abeda Primary Health Center,Awp6evwdKBu
BENUE,LOGO,Abeda shitile Primary Health Centre,H9hiuwR1BNn
BENUE,LOGO,Akaa Primary Health Center,BIf4NpUc9tv
BENUE,LOGO,Akumator Health Centre,cePHHjZCGUB
BENUE,LOGO,Anyiin Primary Health Center,pwlvjbtM5oM
BENUE,LOGO,Ayilamo Primary Health Center,zBp4fj9LC7v
BENUE,LOGO,Central Hospital Anyiin,SLUh7AIPl3P
BENUE,LOGO,Doodoo Clinic,CbpO0v7XB53
BENUE,LOGO,Dooshima Primary Health Center,Sg1lTBErQMf
BENUE,LOGO,Farmter Clinic Abeda,r2lBjhZUg8j
BENUE,LOGO,Gboragayo Primary Health Centre,emodKJruXyL
BENUE,LOGO,Gonduzua Primary Health Center,LAyyrDvKqGe
BENUE,LOGO,Ikyo Primary Health Center,p744o3LL0jI
BENUE,LOGO,Iorza Primary Health Center,zBwxOyfTqwm
BENUE,LOGO,LGHC IGBOUGHUL 1,bsw3naXOOX1
BENUE,LOGO,Live Clinic,RCVEsesYe2Z
BENUE,LOGO,Maranatha Clinic Ugba,mmlEZKqZ9Ag
BENUE,LOGO,Mchia Local Government Health Center,TOL2FI5yOWq
BENUE,LOGO,Nongu u Kristu ke Sudan hen Tiv (NKST) Hospital-Anyiin,VqKuYd50P6Z
BENUE,LOGO,Tordoo Clinic,wPBzr3bpuFY
BENUE,LOGO,Ugba Comprehensive Health Center,QQLKjN6lqf7
BENUE,LOGO,Ugba General Hospital,bTwuESPkfSO
BENUE,LOGO,Uzer Local Government Health Center,ejgzakpM81n
BENUE,LOGO,Wende Primary Health Center,MYMZKfW4a4F
BENUE,LOGO,Zamzam Primary Health Center,IxCvwERm4RC
BENUE,MAKURDI,Asaisa Primary Health Centre,rLuGqHLz5O0
BENUE,MAKURDI,Ayaka Primary Health Centre,oDccjROEjrd
BENUE,MAKURDI,be Madonna Hospital,wGplUjLqgbW
BENUE,MAKURDI,Benue State University Teaching Hospital,AgRjHcsC4wf
BENUE,MAKURDI,Bishop Murray Medical Center,xbHk6A9M5Ah
BENUE,MAKURDI,City Hospital,P82OYKREDEj
BENUE,MAKURDI,Federal Medical Center-Makurdi,EA0gMmZjNn6
BENUE,MAKURDI,Grace Cottage Hospital,LBAGrpkYXFZ
BENUE,MAKURDI,Hemko Hospital,s9bl6apI0dc
BENUE,MAKURDI,Hope Hospital,aITz5usak9o
BENUE,MAKURDI,Immaculate Hospital,baLNc1OTsyV
BENUE,MAKURDI,Jolua Hospital,OvrEXmiUvLy
BENUE,MAKURDI,King Cross Clinic and Maternity,LU9X6cRfdAJ
BENUE,MAKURDI,KPIF_Makurdi OSS,FJ3vUFiJ6hq
BENUE,MAKURDI,Makurdi Family Support Program Clinic,dWMSkFIYteW
BENUE,MAKURDI,Makurdi KP One Stop Shop,EH08kwk1foy
BENUE,MAKURDI,Multicare Hospital,yNRTTH6Bi6I
BENUE,MAKURDI,NorthBank General Hospital,XAGjhppjhh3
BENUE,MAKURDI,Queens Clinic,dYTwhf3cV9I
BENUE,MAKURDI,Rahama Clinic and Maternity,Km93XCNZYCr
BENUE,MAKURDI,Sandra Hospital,CIb6wzAz9SW
BENUE,MAKURDI,Ushakaa Hospital,FuHdYbMsHCb
BENUE,MAKURDI,Yima Hospital,LKbSI2dBhSa
BENUE,OBI,Obarike-Ito General Hospital,Z4g8qfFBRMq
BENUE,OGBADIBO,Ijadoga Otukpa General Hospital,qcPZlA9yzPu
BENUE,OHIMINI,Idekpa General Hospital,rjusKH8sGh2
BENUE,OJU,Bethesda Hospital-Ikachi,rEQ6l5PTFp8
BENUE,OJU,Oju General Hospital,emFu7t4hkIR
BENUE,OKPOKWU,Holy Name Clinic-Ugbokolo,jkTZCfjUJSI
BENUE,OKPOKWU,Okopga General Hospital,WqanRoYZhre
BENUE,OKPOKWU,St. Mary's Hospital-Okpoga,BX3EuUL4p5y
BENUE,OTUKPO,Ihotu Clinic And Maternity,G1I22uSE1YC
BENUE,OTUKPO,May Memorial Hospital,ElnOS6Ya1ox
BENUE,OTUKPO,Otia Hospital-Otukpo,UPUz4QHOmfd
BENUE,OTUKPO,Otukpo Comprehensive Health Center,xDrZUl3o7DR
BENUE,OTUKPO,Otukpo KP One Stop Shop,qNdmOBdGQhk
BENUE,OTUKPO,Oturkpo General Hospital,sjKFIaqLXzI
BENUE,OTUKPO,Salem Hospital,WCzlcV9pGtM
BENUE,OTUKPO,Sev-Av Foundation-Otukpo,U69eo6GL6P1
BENUE,OTUKPO,St. Charles' Hospital,jwRjWD3wLjp
BENUE,OTUKPO,St. Daniel Hospital,hs46vwSoags
BENUE,OTUKPO,St. Joseph's Hospital-Ogobia,sIqd320H5pa
BENUE,TARKA,Aboho Primary Health Centre,PyyoRwjaZ6Z
BENUE,TARKA,Aso Comprehensive Health Center,kexwjLUlsZy
BENUE,TARKA,Asukunya Primary Health Center,InmLlQBslD6
BENUE,TARKA,Atighir Local Government Health Center,UPvsRuG3lnz
BENUE,TARKA,Gwarche Primary Health Centre,uPRX8ftEmL5
BENUE,TARKA,Kpe-Ambila Primary Health Centre,G5eD8nBMRPO
BENUE,TARKA,Nongu u Kristu ke Sudan hen Tiv (NKST) Clinic-Wannune,aUsI0GxqwfK
BENUE,TARKA,Nongu u Kristu ke Sudan hen Tiv (NKST) Health Center-Uchi,UbFbAGiSBNv
BENUE,TARKA,St. Christopher Health Clinic-Wannune,zJseTdMM6Ph
BENUE,TARKA,St. Michaels Clinic,SNb8IS5SukA
BENUE,TARKA,Tiortyu Local Government Health Center,nV2DKeGv8AQ
BENUE,TARKA,Township Clinic-Wannune,RlGe0zMvrra
BENUE,TARKA,Tse-Akiishi Primary Health Center,jUXd98nF6tO
BENUE,TARKA,Tse-Tiah Primary Health Centre,ZTPVFq6u1nN
BENUE,TARKA,Wannune General Hospital,tCLZNcfcMy3
BENUE,UKUM,Afia Comprehensive Health Center,rU0owasuzGp
BENUE,UKUM,Asambe Primary Health Center,AptnTvyenuo
BENUE,UKUM,Aterayange Comprehensive Health Center,yoiyriXtW1G
BENUE,UKUM,Ayati Primary Health Center,Oexe9zs1Ehb
BENUE,UKUM,Chito Local Government Health Center,xHCRTxh1UoC
BENUE,UKUM,Hwembe Comprehensive Health Center,JKhF15NVQ8N
BENUE,UKUM,Iorna Clinic,vdABjhoRp53
BENUE,UKUM,Jordan Clinic and Maternity,Ki7oL3P60Gk
BENUE,UKUM,KAFE CLINIC,Ikw1ubU63ji
BENUE,UKUM,King of Kings Clinic and Maternity,r0E0bUsIjrC
BENUE,UKUM,Kyado Primary Health Center,ZHUzBV58GYR
BENUE,UKUM,Melabu Comprehensive Health Center,XP2njsDoK3u
BENUE,UKUM,Nongu u Kristu ke Sudan hen Tiv (NKST) Hospital- Zaki Biam,vDwjnLtvE9E
BENUE,UKUM,Nongu u Kristu ke Sudan hen Tiv (NKST) Primary Health Center-Pervkyaa,AUxnTCxG8Hn
BENUE,UKUM,Salvation Hospital,kOmUbf3xx0o
BENUE,UKUM,Sankera Family Support Program Clinic,EGG0mUGRKdC
BENUE,UKUM,Sankera General Hospital,qk2SW3ifeyo
BENUE,UKUM,St. Anthony's Hospital-Zaki Biam,UwPzLQbX6z0
BENUE,UKUM,St. Mary Primary Health Center-Chito,ROzMKxCUG62
BENUE,UKUM,Vaase Local Government Health Center,PYkGrLe6kRy
BENUE,UKUM,Woma Clinic and Maternity,j2rgCN38K5P
BENUE,UKUM,Zaki-Biam City Clinic and Maternity,RL4SNIxhQBi
BENUE,USHONGO,Akerior Comprehensive Health Center,XS7oHkodgdY
BENUE,USHONGO,Atekombo Comprehensive Health Center,qHFn6eKPzZR
BENUE,USHONGO,Hegha Comprehensive Health Center,CZugrC0pZ3a
BENUE,USHONGO,Kartyo Comprehensive Health Center,oOwDebIrySs
BENUE,USHONGO,Lessel General Hospital,Ce4ACYPH1gr
BENUE,USHONGO,Mayange Primary Health Care,UdO3AJxt6D7
BENUE,USHONGO,Nongu u Kristu ke Sudan hen Tiv (NKST) Clinic -Aku,yk6RVaDElKT
BENUE,USHONGO,Nongu u Kristu ke Sudan hen Tiv (NKST) Health Center-Gbe,KNwYLS8wBMQ
BENUE,USHONGO,Nongu u Kristu ke Sudan hen Tiv (NKST) Health Center-Lessel,pVuatRaVnJu
BENUE,USHONGO,Oostra-Gum Clinic and Maternity,oVvqxfB2P4W
BENUE,USHONGO,Phesset Clinic,mHQFWXYfC6i
BENUE,USHONGO,Tseghem Comprehensive Health Center,cOc62Ku53kR
BENUE,USHONGO,Ushongo Comprehensive Health Center,AC09BTkiT9k
BENUE,USHONGO,Waapera Comprehensive Health Center,Bt9AmJKxN28
BENUE,USHONGO,Yaakar Comprehensive Health Center,cIKRpGcM5yd
BENUE,VANDEIKYA,Nongu u Kristu ke Sudan hen Tiv (NKST) Hospital-Mbaakon,fNNUQiVT6x3
BENUE,VANDEIKYA,Sev-Av Foundation-Vandeikya,iU5WiOjaPBb
BENUE,VANDEIKYA,St. Elizabeth Hospital,DPFnexGxRAT
BENUE,VANDEIKYA,St. Paul's Clinic-Ikyaator,rl5sKUJnKn3
BENUE,VANDEIKYA,St. Paul's Clinic Sambe,Q47OYvdxPhQ
BENUE,VANDEIKYA,St. Thomas Hospital-Ihugh,r6flrs4ehWz
BENUE,VANDEIKYA,Vandeikya General Hospital,fCwe9dV4kjP
BENUE,VANDEIKYA,Vandeikya KP One Stop Shop -Virtual,uYCM5I1Rh34
EKITI,ADO,St. Gregory Hospital Ado-Ekiti,ftEV1iyWtuH
EKITI,ADO-EKITI,Ekiti State University Teaching Hospital,NG8ugV9Xv57
EKITI,ADO-EKITI,Okesa Ekiti Comprehensive Health Center,itv14Kob5b5
EKITI,EKITI EAST,Omuo Ekiti General Hospital,IaAbEGvnhF7
EKITI,EKITI SOUTH WEST,Ilawe Ekiti Comprehensive Health Center,iSMGSwSkbiY
EKITI,EKITI WEST,Aramoko Ekiti General Hospital,iYLBTAWo29b
EKITI,EMURE,Emure Ekiti General Hospital,oEgdXZ6hqwZ
EKITI,IDO-OSI,Federal Medical Center Ido Ekiti,tvMCpBfPpNr
EKITI,IDO-OSI,Ifaki Ekiti General Hospital,FjUk8l3lLuT
EKITI,IJERO,Ijero Ekiti State Specialist Hospital,iwKXh9EaNPG
EKITI,IKERE,Ikere Ekiti State Specialist Hospital,H9w6ZU7BCh5
EKITI,IKOLE,Ikole-Ekiti State Hospital,ClLtOoKCTAz
EKITI,ILEJEMEJE,Iye Ekiti General Hospital,m0MGjVaytWB
EKITI,IREPODUN/IFELODUN,Iyin Ekiti General Hospital,bxXIciySrPz
EKITI,OYE,Oye Ekiti General Hospital,IjAiByZWjsw
OGUN,Abeokuta North,Sabo Primary Health Care Center,zDMCQqdfBSs
OGUN,Abeokuta South,Abeokuta State Hospital,HYWDkjDbtyu
OGUN,Abeokuta South,Federal Medical Center-Abeokuta,cIelM4DwtGv
OGUN,Abeokuta South,"Sacred Heart Catholic Hospital,Abeokuta",DvOjpCpBtJj
OGUN,Ado Odo/Ota,Atan Model Primary Health Center,ogBio975rv6
OGUN,Ado Odo/Ota,Ijoko Primary Health Center,RuXsXz3hhGC
OGUN,Ado Odo/Ota,Ota Primary Health Center,fCB9EIDg0lM
OGUN,Ado Odo/Ota,Ota State Hospital,O7WdfvvhhmG
OGUN,Ado Odo/Ota,Sango Ota Primary Health Center,jrlSMIy4Udi
OGUN,IFO,Agbado Primary Health Care Center,KK0KH975RZH
OGUN,IFO,IFO GENERAL HOSPITAL,CO28PVyyzuQ
OGUN,IFO,Jesus is Love and Power Catholic Hospital-Ifo,rQsDr0APXzb
OGUN,IJEBU EAST,Ijebu Ife General Hospital,ZZJZfQ4WolH
OGUN,IJEBU NORTH,"St Joseph Catholic Hospital, Ijebu-Igbo",iIXPQlWb4Rg
OGUN,Ijebu Ode,State Hospital-Ijebu Ode,eg6CMvHMI9h
OGUN,IMEKO AFON,Imeko Primary Health Center,gGsinQ88Sq5
OGUN,IPOKIA,Idi Iroko General Hospital,Ded9l89WnBh
OGUN,Obafemi Owode,Obafemi Owode General Hospital,GjC1yqDHyxC
OGUN,Obafemi Owode,Ofada Health Clinic,hE6LoL36XgW
OGUN,Obafemi Owode,The Redeemer's Health Center,y9wt3U3r2hZ
OGUN,Remo North,Isara State Hospital,GOVRwTHYMeH
OGUN,Sagamu,Makun Primary Health Care,d0enmAlNy7c
OGUN,Sagamu,Ogijo Primary Health Care,K0W6Eo9ypUn
OGUN,Sagamu,Olabisi Onabanjo University Teaching Hospital,KTVjcTH4JeG
OGUN,Yewa North,Ayetoro General Hospital,muPgi07IQTK
OGUN,Yewa South,Isaga Owode Health Center,VGPZqV1kLlD
OGUN,Yewa South,Specialist Hospital-Ilaro,WnA94tQ9PZu
OGUN,Yewa South,St. Mary's Clinic-Ajilete,yEldGzZy7kS
ONDO,AKOKO NORTH EAST,State Specialist Hospital Ikare,PVJ1iBCOkrp
ONDO,AKOKO NORTH WEST,Irun Akoko General Hospital,KUHqhJqoDQA
ONDO,Akoko South East,Ipe Akoko General Hospital,DmNUbQb4PRU
ONDO,Akoko South West,Iwaro-Oka General Hospital-Akoko,zhu21WthI6C
ONDO,Akoko South West,St. Catherine's Hospital-Iwaro-Oka,GsMlnR6XQ5k
ONDO,Akoko South West,Supare Model Primary Health Center,Ct9GX0tFs5R
ONDO,AKURE NORTH,Iju Itaogbolu General Hospital,A57n2GGTg85
ONDO,AKURE NORTH,Oba-Ile Comprehensive Health Center,wuh106bjAdL
ONDO,Akure South,Arakale Comprehensive Health Center,BobjH7xBdDI
ONDO,Akure South,First Mercy Specialist Hospital,pjkbKPartQG
ONDO,Akure South,Mother And Child Hospital Akure,GizRQMmx10i
ONDO,Akure South,State Specialist Hospital-Akure,yfLNltOE3ES
ONDO,IDANRE,Idanre General Hospital,AZUh5K9JF57
ONDO,Ifedore,Igbara Oke General Hospital,T0DcrdHMRp9
ONDO,ILAJE,Igbokoda General Hospital,rEOLbuPeN6z
ONDO,Ile Oluji,Ile-Oluji General Hospital,pHbdtisHupE
ONDO,IRELE,Ode Irele General Hospital,yoKGtFTi1Ge
ONDO,IRELE,Ode-Irele Comprehensive Health Center,Z9lldlqwYSa
ONDO,ODIGBO,Ore General Hospital,SGlwI0BB3NM
ONDO,OKITIPUPA,Igbotako General Hospital,H33MvD7JqC0
ONDO,OKITIPUPA,State Specialist Hospital Okitipupa,ZfHqkRkgtyn
ONDO,ONDO EAST,Bolorunduro General Hospital,eFlBpM60SRs
ONDO,Ondo West,Moferere-Oja Comprehensive Health Center,Xubfc1xadN5
ONDO,Ondo West,Mother and Child Hospital-Ondo,l0oK5kCcifq
ONDO,Ondo West,State Specialist Hospital-Ondo,JKUabrYA2oL
ONDO,OSE,Ido-Ani General Hospital,R9sKiGC2aQS
ONDO,OSE,Ifon Basic Health Center,aRt2sinKKTL
ONDO,OWO,Federal Medical Center-Owo,Lf5dipBTT0Z
ONDO,OWO,Isaipen Basic Health Center,jnZPTIbnS5X
ONDO,OWO,Owo General Hospital,uqUGRphflWb
OSUN,Ede South,Ede Specialist Hospital,qoiO0tapOKa
OSUN,EJIGBO,Ejigbo Baptist Hospital,LH8aXd0aKgT
OSUN,IFE CENTRAL,Obafemi Awolowo University Teaching Hospital Complex,u4jq9CmP9dk
OSUN,IFE CENTRAL,Seventh Day Adventist Hospital-Ile-Ife,xGKk2hlvtUz
OSUN,IFE EAST,Oke-Ogbo General Hospital- Ile Ife,nE05pmOYy9Z
OSUN,IFE NORTH,Our Lady of Lourdes Hospital-Ipetumodun,ikrzY7sZjRk
OSUN,ILA,Ila Orangun State Hospital,hln2LIDV1Xl
OSUN,ILESA WEST,Ilesa General Hospital,JE2mJgfuG8h
OSUN,IREWOLE,Ikire Specialist Hospital,gqn7FlDPWzJ
OSUN,ISOKAN,Catholic Hospital and Maternity-Okeola,NrAixqBOeRR
OSUN,IWO,State Hospital-Iwo,RjMnBpvNTLM
OSUN,IWO,Victory Specialist Hospital- Iwo,d5p5Ehrl5IH
OSUN,OLORUNDA,Ladoke Akintola Teaching Hospital-Oshogbo,mgEojaVd0QS
OSUN,ORIADE,Ijebu-Jesha General Hospital,u3qzTFubA8g
OSUN,Osogbo,Our Lady of Fatima Catholic Hospital-Jaleyemi,tuPG3r8X0RC
OSUN,Osogbo,State Hospital Asubiaro,kzB32IGuzWj
OYO,AFIJIO,Ilora General Hospital,Klu5oTZCxfx
OYO,AKINYELE,Moniya Primary Health Center,o9UJUeIeW6P
OYO,AKINYELE,Ojoo Primary Health Centre,fLGtJdQIfx4
OYO,EGBEDA,St. Dominics Catholic Hospital-Ogungbade,JzYcMwOP9J6
OYO,IBADAN NORTH,Adeoyo Maternity Hospital,MamvPxaqiTG
OYO,IBADAN NORTH,"Comfort Medical Centre, Oyo",bxpxkMEq3fq
OYO,IBADAN NORTH,Idi Ogungun Primary Health Center,lUK0PY9z0dH
OYO,IBADAN NORTH,"oy OLA Catholic Hospital, Oluyoro, Ibadan",In3kBMCkxaK
Oyo,Ibadan North,University College Hospital,QdL8RSYxeLg
OYO,IBADAN NORTH EAST,Alafara Oje Primary Health Center,du2NydHQODD
OYO,IBADAN NORTH EAST,Iwo Road Primary Health Center,WSxGzRDVpuS
OYO,IBADAN NORTH EAST,St. Peters General Hospital-Aremo,L8ySVydOOzd
OYO,IBADAN SOUTH EAST,Odinjo Primary Health Center,BQvikCG40GE
OYO,IBADAN SOUTH EAST,Oranyan Primary Health Center,ljnFSN5dej3
OYO,IBADAN SOUTH EAST,St. Mary's Catholic Hospital-Eleta,jyHRtpRCr7M
OYO,IBADAN SOUTH WEST,Jericho Specialist Hospital,DpCYi3E6I4c
OYO,IBADAN SOUTH WEST,Ring Road State Hospital,oCR09FpTFh9
OYO,IBADAN SOUTH WEST,St. Anne's Anglican Hospital-Molete Ibadan,ZQYdcyj8Urc
OYO,Ibarapa Central,Olugbon Medical Centre-Igboora,wYu6410ctAh
OYO,IBARAPA EAST,General Hospital Eruwa,SK1svp0M4SP
OYO,IDO,Apete Primary Health Center,uU3mfYyerBo
OYO,IREPO,Kisi General Hospital,l7D0Lku4ECe
OYO,ISEYIN,Iseyin General Hospital,o9zWHFjhquv
OYO,ISEYIN,Our Lady's Catholic Hospital-Iseyin,Inr4R6Tk5fE
OYO,Kajola,Okeho General Hospital,L0SpXvHcxlr
OYO,OGBOMOSO NORTH,Abogunde Baaki Health Center,POQZq9yYHfm
Oyo,OGBOMOSO NORTH,"Bowen University Teaching Hospital (BUTH), Ogbomosho",lfO3s7vhaJb
OYO,OGBOMOSO SOUTH,Ogbomosho State Hospital,fjiKMWnNBwn
OYO,OLORUNSOGO,Igbeti General Hospital,ty9jMW3us5b
OYO,OLUYOLE,Adaramagbo Olomi Primary Health Center,gp5xo74SqKO
OYO,OLUYOLE,"Lad Medical Centre, Ibadan",iecxi9sRFhf
OYO,Oorelope,Igboho General Hospital,oXanQ9NfzcJ
OYO,ORIRE,Ikoyi-Ile Primary Health Center,jN3f776qJBx
OYO,OYO EAST,oy State Hospital-Oyo,appJzgMDcmf
OYO,OYO EAST,Shekina Medical Centre-Oyo,sSruFErLzP3
OYO,SAKI WEST,Baptist Medical Center-Saki,x6uBaUpHFXY
OYO,SAKI WEST,"oy State Hospital, Saki",cNbVnYusOlF
PLATEAU,BARKIN LADI,Barkin Ladi General Hospital,HbuBf1D4gmG
PLATEAU,BASSA,Bassa Cottage Hospital,X3znG2aFpsf
PLATEAU,BASSA,Seventh Day Adventist (SDA) Hospital-Jengre,Le18r1aY7bi
PLATEAU,BOKKOS,Bokkos Cottage Hospital,Y67HDCTta2a
PLATEAU,JOS EAST,Angware General Hospital,Ci4IlJo0THV
PLATEAU,JOS NORTH,Bingham University Teaching Hospital,VyC5Ah2sxMg
PLATEAU,JOS NORTH,Faith Alive Foundation,CvVzWAc0dLb
PLATEAU,JOS NORTH,Hwolshe Medical Center,WnFVJtk3Ydm
PLATEAU,JOS NORTH,Jos University Teaching Hospital,dtgqizrS1Me
PLATEAU,JOS NORTH,Our Lady of Apostle (OLA) Hospital-Jos,gIwyL7hTdGY
PLATEAU,JOS NORTH,Plateau State Specialist Hospital,ugfwVdwIuIj
PLATEAU,JOS NORTH,Solat Women Hospital,OdFD1NyelFa
PLATEAU,JOS NORTH,Tundun Wada Primary Health Center,cdyDfwVgnJF
PLATEAU,JOS SOUTH,Bukuru Express Primary Health Center,wyclwPixYHK
PLATEAU,JOS SOUTH,Church of Christ in Nigeria (COCIN) Clinic-Gyel-Bukuru,kXMpdZaDwxW
PLATEAU,JOS SOUTH,Dadin Kowa Comprehensive Health Center,KliDyHkXDRm
PLATEAU,JOS SOUTH,Evangelical Church of West Africa (ECWA) Comprehensive Hospital-Bukuru,n3n9tC9qDI4
PLATEAU,JOS SOUTH,Our Lady of Apostles Hospital & Orphanage Zawan,a0wh6o0Urau
PLATEAU,JOS SOUTH,Vom Christian Hospital,fEPSauwf6T7
PLATEAU,KANAM,Dengi General Hospital,wZ4FJfYUSXp
PLATEAU,KANKE,Amper Central Primary Health Care Center,XoodAFXuLoR
PLATEAU,LANGTANG NORTH,Langtang General Hospital,SwpC6SazKp4
PLATEAU,LANGTANG NORTH,Zamko Comprehensive Health Center,c1sMFxI54cS
PLATEAU,MANGU,CCDP Hospital-Panyam,n7H11XCfDQT
PLATEAU,MANGU,Church Of Christ In Nigeria (COCIN) Hospital And Rehabilitation Center,Ylm55YT8Uc6
PLATEAU,MANGU,Kombum Primary Health Center,hAADI04UQVd
PLATEAU,MANGU,Mangu General Hospital,eAM9CE6xQD6
PLATEAU,MIKANG,Tunkus General Hospital,LAzfkJ5YZG1
PLATEAU,PANKSHIN,Pankshin General Hospital,a9QRiuuNaRv
PLATEAU,Qua'an Pan,Kwalla General Hospital,Axs1Yufa0Pp
PLATEAU,Qua'an Pan,Lardang Comprehensive Health Center,ryJ1gnzT3yb
PLATEAU,Qua'an Pan,St. Virgillus Catholic Rural Health Center,BQ6ZqTIJDra
PLATEAU,SHENDAM,May Hospital-Shendam,TGsy8pKsBgj
PLATEAU,SHENDAM,Shendam A Primary Health Center,RqrbqtO8Pas
PLATEAU,SHENDAM,Shendam General Hospital,kvwUsWWt1z5
